{
  "p1_ratio_ideal": 0.9416724406769403,
  "p1_ratio_noisy": 0.9338730403048102,
  "p1_pgs_ideal": 0.0074462890625,
  "p1_pgs_noisy": 0.0069580078125,
  "simulated_gap_pp": 0.7799400372130116,
  "cz_count_p1": 56,
  "decomposition_pp": {
    "+1q gate": 0.03632965459811066,
    "+2q gate": 0.27080676028812256,
    "+T1/T2": 0.061357485878277274,
    "+readout (full)": 0.4217877710783413
  },
  "ideal_by_p": {
    "1": 0.9416724406769403,
    "2": 0.9436704068695195,
    "3": 0.952994410671263
  },
  "noisy_by_p": {
    "1": 0.9338730403048102,
    "2": 0.9322556259123299,
    "3": 0.9320876490838663
  },
  "cz_by_p": {
    "1": 56,
    "2": 112,
    "3": 168
  }
}